{"cameraMode":{"drawMode":0,"name":"Shaded","section":"Shading Mode"},"sceneLighting":true,"audioPlay":false,"sceneViewState":{"m_AlwaysRefresh":false,"showFog":true,"showSkybox":true,"showFlares":true,"showImageEffects":true,"showParticleSystems":true,"showVisualEffectGraphs":true,"m_FxEnabled":true},"in2DMode":false,"pivot":{"x":-1.014146327972412,"y":4.059553146362305,"z":-4.501861572265625},"rotation":{"x":0.2344292849302292,"y":-0.053922075778245929,"z":0.013023488223552704,"w":0.9705609679222107},"size":13.745076179504395,"orthographic":true}