{"cameraMode":{"drawMode":0,"name":"Shaded","section":"Shading Mode"},"sceneLighting":false,"audioPlay":false,"sceneViewState":{"m_AlwaysRefresh":false,"showFog":true,"showSkybox":false,"showFlares":true,"showImageEffects":true,"showParticleSystems":true,"showVisualEffectGraphs":true,"m_FxEnabled":true},"in2DMode":false,"pivot":{"x":-3.2300000190734865,"y":1.0170118808746338,"z":6.007968425750732},"rotation":{"x":0.39951950311660769,"y":0.005500263534486294,"z":-0.002397130709141493,"w":0.9167053699493408},"size":1.766977310180664,"orthographic":false}