{"cameraMode":{"drawMode":0,"name":"Shaded","section":"Shading Mode"},"sceneLighting":false,"audioPlay":false,"sceneViewState":{"m_AlwaysRefresh":false,"showFog":true,"showSkybox":false,"showFlares":true,"showImageEffects":true,"showParticleSystems":true,"showVisualEffectGraphs":true,"m_FxEnabled":true},"in2DMode":false,"pivot":{"x":4.139999866485596,"y":1.0618274211883546,"z":5.748421669006348},"rotation":{"x":0.39951950311660769,"y":0.005500263534486294,"z":-0.002397130709141493,"w":0.9167053699493408},"size":1.7266827821731568,"orthographic":false}